battery_power,dual_sim,fc,four_g,mobile_wt,pc,ram,touch_screen,price_range
842,0,1,0,188,2,2549,0,1
1021,1,0,1,136,6,2631,1,2
563,1,2,1,145,6,2603,1,2
615,0,0,0,131,9,2769,0,2
1821,0,13,1,141,14,1411,1,1
1859,1,3,0,164,7,1067,0,1
1821,0,4,1,139,10,3220,0,3
1954,1,0,0,187,0,700,1,0
1445,0,0,0,174,14,1099,0,0
509,1,2,1,93,15,513,0,0
769,1,0,0,182,1,3946,0,3
1520,0,5,1,177,18,3826,1,3
1815,0,2,0,159,17,1482,0,1
803,0,7,0,198,11,2680,0,2
1866,0,13,1,185,17,373,0,0
775,0,3,0,159,16,568,1,0
838,0,1,1,196,4,3554,0,3
595,1,7,1,121,17,3752,1,3
1131,1,11,0,101,18,1835,1,1
682,0,4,0,121,11,2337,1,1
772,1,12,0,81,14,2819,1,3
1709,0,1,0,156,2,3283,0,3
1949,1,4,0,199,7,1433,0,1
1602,1,4,1,114,20,1037,0,0
503,1,5,1,111,13,2583,0,1
961,1,0,1,114,3,2782,1,2
519,1,7,1,132,19,3763,0,3
956,0,1,1,143,6,3286,1,3
1453,1,12,1,96,18,2373,1,2
851,0,3,0,200,7,478,0,0
1579,1,0,0,88,9,3532,0,3
1568,0,16,0,150,20,508,1,0
1319,0,3,1,107,18,2227,1,1
1310,1,0,1,100,0,3845,1,3
644,0,0,0,157,3,1262,0,0
725,1,16,0,160,17,1326,0,1
589,1,1,0,160,10,2113,0,1
1725,1,6,1,119,18,3429,1,3
790,1,16,1,87,17,3169,0,2
560,1,15,0,159,20,2150,1,2
1347,0,5,0,132,14,2484,0,2
1646,0,8,1,185,10,3339,1,3
1253,1,5,1,152,19,1878,1,1
1656,0,5,1,166,7,1629,1,1
1195,0,1,1,110,14,504,1,0
1514,0,0,0,118,1,1152,1,1
1723,1,1,0,164,14,3587,0,3
1054,1,3,1,196,10,2296,0,1
578,1,2,1,162,8,1270,0,0
596,1,9,0,111,15,3238,0,3
1547,1,2,1,198,19,2059,0,2
1760,1,5,0,127,19,2053,1,2
1654,1,0,1,109,0,3112,1,3
1457,1,1,1,102,10,1440,0,1
1073,1,0,0,145,0,2908,1,2
1936,1,10,1,104,20,2552,0,2
823,1,13,0,148,19,905,1,0
987,1,0,1,107,9,3963,0,3
1757,0,8,0,180,14,2056,0,1
1063,1,2,1,128,4,2910,1,2
1484,0,3,0,134,5,1457,1,1
799,0,1,1,144,6,431,1,0
1156,1,0,1,159,0,470,1,0
1720,0,15,1,168,18,2148,1,2
702,1,2,1,141,3,2955,0,2
616,1,13,1,81,17,3366,1,3
1358,0,11,1,155,14,3068,1,3
1866,0,0,0,182,0,3834,0,3
1242,1,0,0,165,1,1050,0,0
1166,1,0,1,80,1,3993,1,3
1448,1,6,1,138,11,3378,1,3
1407,0,1,1,104,4,2192,0,2
605,0,8,1,142,16,392,0,0
1038,0,3,0,141,5,3709,1,3
797,1,4,0,90,6,590,1,0
819,1,8,1,188,20,1814,0,1
1114,0,4,1,197,15,907,1,0
1234,1,1,0,172,3,1449,0,0
1199,1,15,1,116,20,3448,0,3
1103,1,6,0,111,8,1837,1,1
1589,1,0,1,85,7,3464,1,3
999,1,11,1,199,19,2593,1,2
1510,1,2,0,180,3,3484,1,3
1008,0,11,0,114,15,2009,0,1
1127,1,5,1,163,13,2048,1,1
1412,0,5,0,96,17,837,0,1
1496,1,4,0,182,5,854,1,0
1083,1,1,1,178,11,3210,0,3
668,1,0,0,155,13,2746,1,2
1309,1,0,0,100,14,2334,0,2
1724,1,2,1,177,5,2822,1,3
1977,1,7,1,171,18,1971,1,2
885,1,0,1,103,0,1410,1,0
879,0,11,1,83,15,349,0,0
1322,1,6,0,140,9,1418,1,1
1137,0,18,0,196,19,3616,1,3
1355,0,10,1,132,16,880,1,0
1665,0,3,1,194,18,1601,0,2
657,0,0,0,141,1,1412,1,0
593,0,6,0,156,7,1692,0,1
1883,0,3,1,146,13,2600,0,3
1732,0,4,1,119,9,1308,0,1
543,0,0,0,192,4,2413,0,1
1939,1,0,1,199,10,1047,1,0
553,1,1,1,121,3,1204,1,0
832,1,2,1,103,3,1799,0,1
1661,1,5,0,172,10,2676,1,3
1657,0,3,0,198,16,2597,0,3
1135,1,0,0,83,4,3029,1,3
1775,0,3,0,163,7,2343,1,3
783,1,0,1,106,4,2016,1,1
617,0,0,0,199,20,2213,0,1
867,1,0,1,135,1,790,1,0
1310,1,13,0,194,14,3182,1,2
1804,0,9,1,153,19,3472,0,3
1900,0,1,1,89,9,2871,1,3
909,0,0,0,82,0,3187,0,2
1084,0,3,1,107,11,1945,1,1
1308,1,8,0,199,12,488,1,0
1778,0,0,0,102,0,1214,0,1
1701,1,3,0,194,7,2598,1,2
772,1,1,1,80,2,3242,1,3
825,1,7,0,130,10,3534,1,3
1379,0,5,1,200,7,3426,1,3
1166,0,3,1,198,4,2488,0,2
1659,0,5,0,89,20,3255,0,3
826,1,0,1,88,1,2863,0,2
1564,0,4,1,189,17,1496,1,1
1957,1,11,0,181,16,3801,0,3
1571,0,0,1,100,1,666,1,0
1414,1,2,0,99,3,3799,0,3
1790,1,9,0,184,14,1366,1,1
645,0,1,0,197,10,2962,1,2
668,1,7,0,195,12,2399,1,1
1652,1,1,0,89,5,2338,0,2
1213,0,0,0,108,0,2700,0,2
1272,1,0,0,133,8,2235,0,1
866,1,5,1,179,7,3825,1,3
536,1,12,1,182,14,284,1,0
523,1,1,0,155,2,1427,1,0
1753,1,0,1,134,18,1324,0,2
1218,1,1,1,147,4,398,0,0
1537,0,4,1,137,5,3685,1,3
786,1,0,0,141,6,2390,0,2
1678,0,3,1,134,11,278,1,0
1814,1,1,1,141,2,3556,0,3
1101,0,0,0,148,7,2196,1,1
1461,1,3,1,141,4,3799,0,3
1216,0,4,0,199,7,2268,1,2
506,0,6,1,159,7,2965,0,2
843,0,1,1,147,17,2341,1,1
742,1,4,0,190,14,3557,1,3
1692,0,3,1,176,12,1354,0,1
1485,0,2,1,84,9,2147,1,2
1547,1,6,0,166,8,505,1,0
1692,1,4,1,139,6,1394,1,1
637,0,3,1,97,4,374,0,0
1224,0,16,1,109,18,506,1,0
1356,0,0,0,198,0,3702,0,3
1840,1,12,0,142,16,1078,0,1
1481,1,4,1,96,13,2945,1,2
961,1,10,0,152,16,2981,1,2
1296,1,0,1,124,3,490,1,0
1193,0,11,0,166,20,536,0,0
1441,1,11,1,118,17,2317,0,2
517,1,3,1,183,8,3704,0,3
748,0,0,1,150,4,2126,0,1
1126,0,2,1,160,3,2050,1,2
1572,0,0,1,157,8,2462,0,3
1569,1,17,0,110,20,1260,0,1
1270,1,2,1,101,6,3770,1,3
1854,0,2,1,101,5,1886,1,1
625,1,5,1,183,8,3323,1,2
1577,1,0,1,197,4,2060,0,2
534,1,0,1,189,1,3926,0,3
946,1,8,1,143,15,2177,1,2
685,0,2,0,93,10,728,0,0
1949,1,0,0,101,1,2478,0,3
947,1,0,1,197,13,2842,0,2
801,1,2,0,165,4,1617,0,1
703,0,12,1,113,20,1472,0,0
1165,0,11,0,178,12,764,0,0
1082,0,0,0,198,5,2337,1,2
959,1,15,0,84,19,3965,0,3
1502,0,0,0,138,12,3693,1,3
1380,1,1,1,92,13,797,1,0
1266,0,0,1,95,9,1687,0,2
1934,1,0,1,103,17,2940,1,3
1905,0,3,1,151,5,1545,1,1
1831,1,2,0,150,5,3834,1,3
596,0,8,0,165,18,2505,1,1
1562,1,1,1,190,15,2243,0,2
1490,1,4,1,150,8,3600,1,3
1523,0,5,1,117,6,3971,1,3
640,0,0,0,163,15,2844,1,2
1526,0,1,1,117,8,2227,1,2
1989,1,0,1,94,13,1665,1,2
1308,0,0,1,106,7,3355,0,3
609,0,3,0,93,4,1866,1,1
1905,1,9,1,119,20,1287,0,1
1703,0,0,1,192,0,1046,0,0
1445,1,7,1,173,15,1441,1,1
1087,0,0,1,166,9,690,0,0
671,1,10,0,105,17,2504,0,2
1472,0,6,0,168,19,2677,0,2
765,1,0,1,115,1,2243,0,2
1642,1,16,1,171,17,2984,0,2
1265,0,7,0,182,16,1362,0,1
664,1,1,1,110,4,3629,1,3
1277,1,0,1,142,6,3559,1,3
1395,1,0,0,111,1,2571,0,2
1539,0,0,0,159,0,2107,0,2
1049,0,9,0,135,17,1022,0,0
1827,0,4,1,128,16,2844,1,2
903,1,0,1,91,0,711,1,0
1987,0,3,1,181,7,3117,1,3
1154,1,0,1,181,2,978,0,0
1336,0,5,1,194,9,1869,1,1
1886,0,0,1,112,1,1179,0,1
1551,0,4,0,88,6,3844,1,3
850,1,6,1,133,19,593,0,0
660,0,5,1,111,10,588,1,0
1225,1,8,0,116,12,3836,0,3
1452,1,1,1,123,11,2669,0,2
1686,1,3,0,166,4,2958,0,3
1634,0,1,1,200,5,3031,1,3
1708,1,18,1,109,19,3388,1,3
1151,1,0,0,128,1,2377,1,2
1578,1,2,1,138,19,2458,0,2
1689,0,17,0,127,18,2766,1,3
1488,0,1,0,112,6,3054,0,3
1313,1,4,0,105,6,3791,1,3
1715,1,4,1,83,17,625,0,0
1442,1,0,0,192,19,2227,1,1
528,0,12,1,142,15,3256,1,2
1523,0,6,1,129,8,707,1,0
1133,0,3,0,199,12,1457,0,1
1718,1,14,1,183,16,3755,1,3
1330,0,0,0,183,1,1733,0,1
1799,0,0,0,107,2,720,1,0
633,0,0,1,139,1,3560,1,2
724,1,0,0,187,0,2311,0,2
822,0,0,1,157,20,3846,0,3
1918,0,2,0,110,10,1717,1,2
1891,0,7,1,129,14,3704,0,3
1373,1,2,0,127,12,3800,0,3
862,1,3,0,165,15,278,0,0
1273,0,3,1,99,15,1767,1,1
957,0,4,0,107,10,1846,0,1
1617,1,3,1,105,4,829,0,0
893,1,0,0,183,1,2986,1,2
1210,0,0,0,93,0,2394,0,2
708,1,0,1,195,7,2169,1,1
835,1,2,0,101,7,1181,1,0
1450,1,9,0,131,17,575,0,0
973,0,5,1,190,16,2977,0,2
601,0,4,1,154,13,532,1,0
507,1,1,0,141,11,1702,1,1
564,1,0,1,168,1,1074,1,0
1559,1,6,1,162,17,3352,1,3
754,1,7,1,178,10,1027,0,1
728,1,0,0,88,1,2039,1,1
1431,0,0,1,191,1,461,0,0
767,0,4,0,175,10,527,1,0
1722,0,8,0,177,16,3271,0,3
1992,0,5,1,100,15,606,1,1
1876,0,10,1,86,14,2513,1,3
1054,1,10,1,136,12,1675,1,1
1283,1,4,0,93,5,2698,1,2
1281,1,0,0,148,6,1129,1,1
1066,0,2,1,114,18,468,1,0
730,1,0,1,89,2,1210,1,0
1053,1,7,1,103,12,3086,1,3
1611,1,11,0,98,14,1595,0,1
793,1,5,1,133,15,2332,1,2
1220,0,3,0,125,8,2589,1,2
1662,0,0,1,126,13,3760,1,3
1281,1,3,1,144,19,1851,1,1
538,0,12,1,177,13,417,0,0
823,0,0,0,187,4,294,0,0
1733,0,3,1,119,20,3576,0,3
1429,1,0,1,100,14,3945,0,3
1839,0,9,1,200,11,927,0,1
659,0,6,1,110,7,2044,0,1
1953,1,7,0,158,9,2334,0,2
1172,0,0,1,164,3,1477,0,1
612,1,6,0,102,7,3161,0,3
1563,0,0,1,170,0,3660,1,3
1191,1,16,1,84,20,1604,0,1
615,1,0,0,163,4,2211,0,1
1893,1,8,0,134,11,3822,1,3
1563,1,10,0,151,13,3922,0,3
1995,0,6,0,139,18,1203,1,2
1517,0,6,1,143,14,2822,1,3
832,1,1,1,108,5,447,1,0
1162,0,0,1,114,1,1652,0,1
1595,0,7,0,121,19,3608,1,3
1329,0,1,0,181,2,1228,0,1
928,1,11,0,80,13,666,1,0
1656,1,8,1,105,17,1499,0,1
1937,0,17,0,189,19,3321,1,3
977,1,2,0,181,7,1206,1,0
768,0,16,1,113,20,952,0,0
1464,1,11,0,117,14,3927,1,3
1177,0,1,1,191,8,311,0,0
1348,0,18,0,98,20,955,1,1
1956,0,0,1,87,2,1109,1,1
1751,1,6,0,178,20,2969,0,2
1530,0,11,0,177,13,725,0,0
1997,1,1,0,185,8,1655,0,2
1414,1,5,0,180,6,3490,1,3
1707,0,0,0,80,2,1774,0,2
894,1,1,1,199,14,3615,0,3
645,0,6,1,184,17,714,1,0
1163,1,0,0,155,0,2768,0,2
1126,0,3,0,165,17,3739,0,3
1648,0,6,1,170,9,610,1,1
1170,0,6,1,199,13,715,0,0
508,0,7,1,94,8,663,0,0
1097,1,6,0,161,8,1725,0,1
728,1,0,1,101,20,834,1,0
1980,1,2,1,177,13,3865,0,3
1504,1,1,0,182,2,3059,1,3
1379,1,14,1,83,17,651,1,0
1698,0,5,1,160,20,796,0,0
920,1,5,0,115,14,785,1,0
1144,1,0,0,189,11,3252,0,2
1995,0,6,0,129,15,1322,1,1
1430,1,1,0,183,16,2832,1,2
972,1,5,0,193,8,1615,1,1
662,0,5,0,138,10,2125,1,1
1867,0,0,1,191,3,990,0,1
1730,1,0,1,143,10,1595,1,1
1723,0,1,1,126,17,1213,1,1
1882,1,8,0,140,13,2500,0,2
803,1,0,0,106,1,2801,1,2
580,1,0,0,91,1,3451,1,3
668,0,2,1,114,19,1201,1,0
1391,0,2,1,182,6,3139,1,2
1560,0,0,1,169,1,1938,1,2
821,1,5,0,109,9,3185,0,2
811,1,5,1,106,13,2111,0,1
1989,1,8,0,193,15,2369,1,2
1034,1,6,0,120,20,3625,1,3
618,0,2,0,86,4,1051,0,0
654,0,0,1,196,4,1036,0,1
576,0,2,1,184,7,2938,1,2
667,0,6,1,185,13,2855,0,2
869,0,7,1,118,15,2727,0,2
635,1,2,0,149,4,2973,0,2
609,0,15,1,117,16,2581,0,1
1557,1,16,0,123,20,2690,0,3
1604,0,2,0,191,5,916,1,0
1182,0,7,1,138,16,2563,0,2
848,1,10,1,148,18,3359,0,2
1610,0,7,1,181,12,941,1,1
1828,1,0,0,199,1,2280,0,2
880,1,1,1,194,3,827,0,0
1394,1,10,1,175,13,473,1,0
1960,1,1,1,86,3,3865,0,3
809,0,10,0,91,19,1274,0,1
899,1,13,1,172,18,364,1,0
1976,1,4,0,171,7,3699,1,3
879,1,0,1,187,2,2927,0,2
916,0,0,0,195,12,1470,1,0
763,1,8,1,92,14,1050,1,0
508,1,0,0,162,2,2616,1,2
825,1,0,0,99,17,2915,1,3
1864,0,8,1,178,12,2686,1,2
1725,1,8,1,185,12,1243,1,1
1108,0,10,0,183,12,3264,1,3
1011,0,4,1,131,18,2261,1,1
1703,1,17,1,138,19,2993,1,3
1067,1,0,0,135,0,706,1,0
1334,0,5,1,115,14,2542,0,3
775,0,0,0,189,10,2523,0,2
1899,0,0,0,151,0,336,0,0
930,1,1,1,97,10,2457,1,1
1058,0,2,0,166,14,418,0,0
1187,0,0,1,145,9,3917,0,3
1874,1,10,0,166,13,1246,0,1
1482,0,2,0,142,10,2971,1,2
1809,0,3,1,174,4,2324,0,2
864,1,0,1,187,1,3121,1,2
625,0,12,1,191,20,3801,0,2
1880,0,4,1,138,5,3333,0,3
1138,0,12,1,187,17,3475,0,3
560,0,14,0,146,15,2360,1,1
1117,0,1,0,144,8,2895,1,2
1712,0,1,0,137,12,3652,0,3
1836,1,3,0,134,16,3097,1,3
1036,0,0,0,119,3,2101,1,1
1860,0,15,0,162,16,3918,1,3
1375,0,3,1,145,19,3869,1,3
1945,1,0,1,195,1,732,1,1
1896,1,8,1,141,13,3684,0,3
788,1,4,1,91,12,3969,1,3
880,1,0,0,173,2,1414,1,0
1323,1,10,1,131,12,1892,1,1
1868,1,0,1,169,4,3131,1,3
1266,1,0,1,184,12,2532,1,2
1042,1,16,1,93,18,3215,1,3
1479,0,8,0,156,10,3323,0,3
1476,1,0,1,171,5,1529,0,2
1552,0,6,1,123,9,2403,1,2
1454,1,1,0,83,3,3419,1,3
1007,0,0,0,95,2,3648,0,3
652,1,9,1,173,11,1974,0,0
1504,0,12,1,142,15,2806,0,2
1726,1,2,0,193,3,2239,0,2
1029,1,5,1,171,8,582,1,0
1582,0,2,1,112,13,3890,1,3
1478,1,12,0,99,17,1141,0,1
1178,0,0,0,101,0,2511,0,2
707,1,2,0,131,17,3838,0,3
755,0,5,1,186,12,2734,0,2
912,0,1,0,161,5,2330,1,1
651,1,2,1,176,4,2244,1,1
1483,0,1,1,176,2,1851,1,1
914,0,2,0,100,12,808,1,0
1456,1,7,0,105,12,1587,0,1
1178,1,6,0,84,17,2492,1,2
1503,0,10,1,166,14,2122,0,2
1681,0,2,0,158,13,1122,1,0
715,1,4,0,160,6,3709,0,2
1876,1,3,1,182,4,3021,0,2
1190,1,9,0,186,10,624,1,0
1755,0,0,1,134,2,3937,0,3
1197,0,3,1,149,7,1797,1,1
1048,0,10,1,194,19,1458,0,1
1887,1,6,1,126,7,3348,1,3
1772,1,3,0,116,15,1834,1,1
1421,0,0,1,165,2,2775,0,3
1464,1,0,1,153,8,1277,0,1
728,1,4,0,111,5,457,1,0
954,0,0,0,134,11,438,0,0
685,1,8,1,82,15,3210,1,3
1472,1,1,0,130,10,985,1,1
853,0,10,1,200,16,3701,1,3
1469,0,0,0,123,0,1052,1,0
1310,1,6,0,135,9,1175,0,0
1654,0,1,0,146,2,1070,1,1
902,0,3,0,134,9,3411,0,3
1448,1,13,0,156,16,1175,1,1
1631,1,2,1,198,12,301,0,0
1608,1,7,0,183,13,489,0,0
1991,0,5,1,145,13,1733,1,2
1349,1,15,0,114,16,2756,0,2
1589,0,5,1,195,18,2612,0,2
1844,1,1,0,158,3,1724,1,1
712,1,3,1,84,10,2190,1,1
972,0,0,1,107,4,1900,0,1
1406,1,2,1,98,5,3915,0,3
1289,0,10,1,178,12,1043,1,0
932,0,1,0,154,2,3817,1,3
1747,0,6,1,94,19,2362,1,2
1172,1,4,0,95,7,1107,0,1
1128,0,12,0,84,14,2982,1,3
664,1,0,0,106,5,2042,1,1
513,0,6,1,186,12,1343,1,0
1742,1,9,1,170,12,2610,0,2
1512,0,12,0,162,17,2335,1,2
1986,1,3,1,165,20,1614,1,1
965,1,5,0,109,14,1138,1,0
1067,1,3,1,122,15,604,0,0
1583,0,5,1,118,10,3652,0,3
1653,1,2,1,176,6,3955,1,3
1433,0,7,0,133,11,258,1,0
765,0,0,1,153,0,1066,1,0
1845,1,10,0,96,12,1731,0,1
752,1,1,0,87,13,3860,0,3
1948,1,8,0,100,10,3630,1,3
1077,1,0,1,174,4,1965,1,1
932,0,1,1,104,2,1459,1,0
1968,0,0,0,115,7,2323,0,2
1122,0,9,0,120,14,3291,1,2
1588,0,0,1,159,13,3272,1,3
601,0,4,0,101,18,918,0,0
1615,0,14,0,132,16,3488,0,3
1589,1,2,0,128,4,3961,0,3
1417,0,2,1,114,4,590,0,0
1697,0,1,1,95,3,3701,1,3
1330,1,14,0,83,17,463,0,0
1476,0,0,1,148,2,3644,0,3
1579,0,0,0,142,18,1713,1,1
1277,0,0,1,200,3,429,1,0
1089,1,12,1,145,15,2765,0,2
1663,1,13,1,169,14,2084,0,2
1949,0,0,0,186,4,1125,0,1
1138,0,5,1,109,14,2048,1,2
685,0,7,0,174,20,1223,0,0
1889,0,5,1,132,10,3672,1,3
857,1,3,0,195,9,3100,1,2
1902,1,6,0,124,9,343,1,0
1225,0,0,0,155,0,1970,1,1
1066,0,5,0,131,17,2728,1,2
1554,1,11,0,124,12,3635,0,3
1337,0,13,0,186,20,2180,0,1
1926,1,1,1,172,2,2488,0,2
869,1,3,0,104,4,3864,0,3
1278,1,1,0,104,16,1155,0,0
1773,0,16,1,170,18,3566,0,3
1661,1,1,1,109,2,864,0,1
1438,0,0,1,176,6,869,1,0
1661,0,0,0,119,0,591,1,0
1846,0,1,0,159,2,1333,1,1
1260,1,2,1,123,10,2208,0,2
512,1,7,0,83,15,2610,1,2
581,0,0,0,185,6,2819,0,2
1872,0,6,0,134,15,1955,0,2
687,0,9,1,151,20,3416,1,3
1062,1,6,0,160,13,3803,0,3
1678,1,11,0,192,14,574,0,0
1417,0,10,1,166,19,2129,0,1
1074,1,2,1,103,14,1948,1,1
1832,0,2,0,90,6,2978,0,2
1039,0,0,1,200,0,1619,1,1
1059,0,8,0,134,18,3716,1,3
1606,0,3,0,154,4,3454,0,3
1928,0,9,1,187,20,3777,1,3
1875,1,11,1,91,17,2712,0,3
1128,0,9,1,135,10,1434,0,1
1748,1,6,1,146,7,3968,0,3
1413,1,5,0,117,11,3383,0,3
825,1,0,1,86,0,3278,0,3
1589,0,3,1,100,16,3970,0,3
535,1,8,1,145,15,2674,0,2
1780,0,6,0,190,11,2776,1,3
1671,1,7,1,129,11,2336,0,2
1821,0,9,1,114,18,2430,1,2
1076,0,3,1,119,8,891,1,0
532,1,3,0,193,10,728,1,0
777,0,3,0,148,17,3886,0,3
1217,0,3,0,182,13,1711,0,1
1656,1,0,0,117,2,2856,1,2
1185,0,0,0,152,7,2447,1,2
577,0,8,1,161,20,814,1,0
737,1,7,0,193,16,2951,1,2
704,1,4,0,186,6,3653,1,2
525,1,5,0,137,11,1891,1,1
504,1,5,0,166,9,701,0,0
793,1,1,1,176,7,3139,1,3
569,1,2,0,184,9,2811,0,1
1590,1,3,1,160,18,1701,0,1
707,0,0,1,194,0,1853,1,1
767,0,16,1,185,17,2445,1,1
1350,1,0,1,181,4,2287,1,1
1117,1,0,0,146,7,2003,1,2
641,0,0,1,192,3,3595,1,2
1002,1,0,1,83,4,1726,0,1
1408,1,10,0,89,14,3952,0,3
1900,1,1,0,190,6,850,1,1
726,0,0,0,101,0,1446,1,0
1544,0,12,1,113,20,1300,1,1
1454,0,6,1,160,10,719,1,0
1230,1,6,0,123,7,988,1,0
1552,0,10,1,180,18,2606,0,2
1519,0,0,0,200,10,2912,1,2
723,0,4,0,102,7,2339,1,2
1191,1,2,0,169,7,1028,1,0
1168,0,9,0,90,10,3173,0,3
1229,1,15,0,191,16,1667,0,1
1758,0,11,1,190,14,1897,0,2
1290,0,0,0,143,4,1214,1,1
574,1,16,0,90,17,3269,1,2
1271,0,12,0,113,15,445,0,0
1170,0,4,0,83,15,1073,1,0
1269,0,14,0,118,15,665,0,1
1288,1,15,0,121,20,3129,0,3
1366,1,0,1,150,9,3501,0,3
1572,1,7,1,169,8,3461,1,3
1627,1,9,1,180,16,3206,1,3
1701,0,13,1,115,15,3717,1,3
1900,1,0,1,171,1,3917,0,3
1974,0,4,0,80,13,861,0,0
1197,1,9,0,129,10,2885,1,2
587,1,4,0,170,16,2777,1,2
934,0,7,0,112,12,1017,0,0
1195,1,1,1,82,9,980,0,0
1853,0,2,0,92,15,2775,0,3
1164,0,4,1,95,18,3309,0,3
1512,0,8,1,88,17,3607,1,3
1232,1,1,1,169,17,1257,0,0
1813,1,0,1,198,8,759,1,0
946,1,17,0,166,20,3720,1,3
739,1,2,1,88,4,475,0,0
704,0,8,1,80,10,1122,1,0
1663,0,0,0,147,15,1336,0,1
1966,1,2,0,185,18,1185,1,2
1219,1,0,0,196,4,705,1,0
612,0,6,0,181,12,3169,0,2
1658,0,0,1,182,5,3483,0,3
1263,0,12,0,175,18,1183,0,1
1395,0,0,1,118,1,3373,1,3
621,1,0,0,151,20,2801,1,2
652,1,1,0,142,2,565,0,0
1175,0,10,0,145,12,3153,0,2
561,0,0,0,163,10,3421,1,2
1137,0,6,1,173,7,316,0,0
1835,0,4,1,193,13,448,0,0
1170,1,2,0,169,5,2366,1,1
1595,1,0,1,85,20,3881,0,3
1719,0,0,0,122,7,462,0,0
1770,1,0,0,128,6,1480,0,1
1312,1,0,1,163,0,1087,0,1
1878,1,5,1,139,13,2711,1,2
1871,0,7,1,81,14,2144,1,2
922,1,1,1,188,15,1165,1,0
1975,0,6,1,128,11,2998,1,2
1212,0,1,1,102,8,2249,1,2
1430,0,3,0,179,5,752,0,0
1958,1,0,0,190,3,1409,0,1
1836,1,0,1,184,15,3072,1,3
557,0,0,0,125,0,1305,0,0
539,1,9,0,145,14,3597,0,2
880,1,1,0,172,15,3132,1,2
1369,1,6,0,162,7,3856,1,3
1109,1,1,0,98,9,1524,1,1
843,1,0,0,166,6,3673,0,3
598,1,7,0,196,10,3293,0,2
972,1,1,0,126,2,3035,0,2
1944,0,5,1,197,18,584,1,1
1225,1,0,1,138,1,2675,1,2
644,1,7,1,114,16,2382,0,2
1919,0,5,1,150,6,1391,0,1
501,0,12,1,131,19,2346,0,1
1620,1,0,1,185,3,606,0,0
1227,1,0,0,130,3,1324,1,1
1359,1,1,1,107,3,1076,1,0
1914,0,1,0,118,2,643,0,1
1645,0,1,0,123,2,783,0,0
1063,0,0,1,101,2,3809,0,3
946,0,0,1,154,0,2104,1,1
1231,1,5,0,185,10,1762,1,1
1397,1,13,0,87,18,3137,1,3
701,0,7,0,160,11,1756,1,1
570,1,2,0,111,5,3663,0,3
1993,0,10,1,147,11,2437,0,2
955,1,4,0,143,8,1432,1,1
924,1,0,1,167,6,1620,0,1
600,0,0,0,112,2,1655,0,0
518,1,0,0,178,1,2832,0,2
1063,0,0,1,95,10,961,1,0
920,0,2,0,149,3,2608,0,2
1715,0,4,1,171,6,514,0,0
1841,1,6,0,167,8,2304,0,2
543,1,4,1,132,7,933,1,0
1762,1,13,1,189,14,1896,1,1
1112,1,1,0,121,16,3655,1,3
709,1,0,0,136,0,1973,1,1
1315,0,7,0,128,16,3278,0,2
1762,0,10,1,107,11,2183,1,2
1462,1,1,0,182,18,824,0,0
571,1,8,0,186,20,2598,1,1
666,1,7,1,81,13,1254,1,0
1994,1,2,1,146,7,3622,0,3
1583,1,11,0,148,16,1704,0,2
1778,1,3,1,132,17,1624,1,1
1926,0,13,1,179,17,3809,1,3
966,0,9,1,117,10,2574,0,2
568,0,1,0,179,4,950,0,0
1897,0,1,1,192,2,273,1,0
1695,1,6,1,200,9,446,1,1
1623,0,6,1,120,12,1510,1,2
914,0,0,1,147,0,1122,1,0
1721,1,4,1,128,5,707,1,0
890,1,4,0,198,13,751,0,0
600,0,1,0,191,7,3393,0,2
1677,1,4,0,124,8,3771,0,3
723,0,0,1,168,3,1851,0,1
638,1,11,0,102,17,2735,1,2
852,1,4,1,104,13,2253,1,1
1979,1,0,0,165,1,452,1,0
710,0,6,0,151,9,1419,1,0
1034,1,2,1,190,4,969,0,0
600,1,8,1,145,11,3441,0,2
1027,0,2,1,103,7,3786,0,3
1260,0,5,1,106,6,2710,1,2
1793,1,10,0,169,17,3533,1,3
675,0,10,0,144,15,1735,0,0
658,0,0,1,103,3,3587,0,3
1694,0,0,1,102,7,2298,1,2
804,1,12,1,89,13,2027,0,1
1713,1,1,0,127,3,2406,0,2
706,0,13,1,108,19,2419,0,1
1362,0,3,0,131,9,995,1,0
1527,0,10,1,154,14,2078,1,2
768,1,0,0,159,1,1145,0,0
1314,1,8,1,155,12,626,1,0
705,0,5,1,155,9,1509,1,1
1403,0,2,1,164,3,3371,0,3
1486,0,7,0,85,15,297,1,0
781,0,2,0,198,7,3508,0,3
986,0,1,1,183,3,2385,0,1
1310,0,0,0,105,14,1301,0,1
560,1,6,1,81,12,2167,0,1
1348,0,0,0,116,6,3914,0,3
1567,1,3,0,119,6,2312,0,2
1940,1,4,0,93,7,2297,1,2
1979,1,0,1,176,9,411,1,0
561,1,7,1,193,13,665,1,0
1717,0,1,0,130,3,3226,1,3
535,0,1,1,113,4,740,1,0
1413,1,4,1,185,12,3878,0,3
1358,1,0,0,135,0,3406,0,3
1519,0,2,0,112,8,2440,1,2
1254,1,2,0,108,6,3959,1,3
1591,0,3,1,154,7,3703,1,3
977,1,2,0,165,15,3714,1,3
1640,0,10,1,169,14,337,1,0
663,1,0,0,183,1,3176,0,2
1744,0,1,1,112,3,1205,0,1
1624,1,8,0,150,10,2473,0,2
1108,1,14,1,169,20,1229,1,0
1188,1,0,1,114,0,2896,0,3
817,0,0,0,144,11,2039,1,1
863,1,5,1,133,13,520,0,0
1397,1,5,1,121,15,1378,1,1
1108,0,3,0,140,12,3254,0,3
1068,1,1,1,184,13,1803,0,1
1702,0,12,1,145,15,2501,0,3
808,1,0,0,192,1,3762,0,3
1156,0,6,0,89,9,1796,1,1
1271,1,2,0,159,3,990,1,0
696,0,6,0,197,8,2630,0,1
1981,1,13,0,175,18,1380,1,1
614,1,0,1,128,2,3487,1,2
1590,1,0,0,122,17,1201,1,1
1945,0,4,0,113,10,3015,0,3
1135,1,9,0,158,11,3204,0,3
1049,1,8,1,172,10,433,0,0
1807,0,2,0,125,10,1906,1,2
984,0,13,1,98,17,898,1,0
720,1,0,1,96,8,2799,0,3
1536,0,12,0,105,20,2020,1,2
771,0,3,0,86,6,770,1,0
503,0,3,0,185,11,305,0,0
675,0,1,0,187,2,2953,1,2
1936,1,13,1,182,14,1671,0,1
1303,1,0,1,138,10,2574,1,2
1004,1,0,0,141,9,3772,1,3
1972,1,0,0,102,1,2870,0,3
1822,0,0,0,195,0,2577,1,2
1159,0,5,1,83,7,2246,1,1
1782,1,6,1,157,13,2405,0,2
894,1,16,0,168,20,3377,1,2
1884,1,7,1,185,18,3619,1,3
1648,0,1,1,142,3,1184,0,1
798,0,5,0,96,9,2965,1,2
802,1,1,0,157,9,3713,0,3
1276,1,2,0,130,3,3798,1,3
1331,0,0,0,165,7,1026,0,1
1620,1,6,0,186,18,1086,0,1
1996,0,5,1,122,9,2236,0,2
1092,1,8,0,185,10,1303,1,1
1018,1,7,0,155,18,3048,0,2
545,0,0,1,131,1,616,1,0
554,0,0,0,105,10,3764,1,2
1264,1,2,1,171,3,419,1,0
1030,1,3,1,138,20,2858,1,3
1432,1,6,1,164,18,504,1,0
558,0,1,1,142,4,392,1,0
829,0,0,0,129,1,820,0,0
1741,0,0,0,143,0,3387,0,3
1849,0,7,1,144,19,3447,0,3
733,0,5,1,174,10,1403,1,0
1872,1,0,0,80,2,2295,0,2
1853,1,1,0,197,13,1973,0,2
1149,0,4,0,106,5,3755,0,3
891,1,9,1,196,19,2073,0,1
1911,0,7,1,163,8,3872,1,3
550,0,16,1,145,17,302,0,0
576,0,0,1,121,4,1519,0,1
1760,0,1,1,198,2,2549,1,2
969,0,0,0,124,0,404,0,0
1160,0,1,1,166,2,595,0,0
827,1,2,1,160,16,1663,1,0
1786,0,9,1,161,10,2764,1,3
774,1,2,1,136,4,2614,1,2
819,1,0,1,83,1,1094,0,0
1042,0,15,1,139,16,2826,0,2
1368,1,10,0,97,18,2496,1,2
1592,0,6,1,181,17,2103,0,1
1067,1,11,0,146,15,966,0,0
1892,0,5,0,110,10,2172,1,2
915,0,6,0,187,17,905,1,0
774,0,7,1,124,18,3916,1,3
1848,1,2,1,179,10,3902,0,3
1501,0,12,1,187,15,2487,1,2
1614,0,8,1,188,17,3914,0,3
911,0,0,0,181,1,363,1,0
1520,0,1,1,199,8,3233,0,3
1647,1,3,1,102,15,2532,0,2
1347,1,8,1,108,15,3836,0,3
967,0,4,0,92,9,3076,1,2
1442,0,0,1,145,3,1513,1,2
1204,0,0,0,199,3,1724,0,1
1320,1,0,1,144,2,542,1,0
1800,0,2,1,100,6,3481,0,3
1567,1,3,0,153,19,3991,0,3
1439,0,12,1,147,17,1790,0,1
1422,0,15,0,112,17,509,1,0
1591,1,4,1,161,16,282,1,0
880,0,2,0,198,19,3006,0,2
1929,1,0,1,163,2,1913,1,1
1642,1,0,0,102,2,1333,0,2
1511,1,3,0,114,18,3746,0,3
1312,0,5,1,163,9,3941,1,3
1852,0,4,1,196,18,3970,0,3
972,0,8,0,82,10,3925,1,3
691,1,4,1,108,8,424,1,0
807,0,9,0,158,20,1284,1,0
1113,1,0,0,145,10,277,0,0
721,1,10,0,125,18,1713,1,1
1188,1,0,0,198,2,485,1,0
1512,0,1,0,131,14,3002,0,2
805,0,0,0,97,14,418,1,0
918,1,1,0,123,5,1652,1,1
1320,1,7,0,168,16,2893,0,2
1236,1,2,1,188,14,1406,0,0
1387,0,0,1,98,0,629,1,0
1883,1,6,1,95,10,3724,1,3
839,1,0,0,175,3,3835,0,3
1593,0,0,1,130,0,1354,1,1
1722,0,7,0,88,19,2376,0,3
1954,1,8,0,126,9,3438,0,3
1788,1,15,1,150,20,2655,0,2
1628,0,5,1,101,8,3361,0,3
1965,0,6,1,84,9,3535,1,3
833,0,4,0,124,6,2150,1,1
571,0,1,1,141,8,2587,0,1
1808,1,1,0,92,16,2736,0,3
1860,1,2,1,83,3,676,0,0
1368,1,4,0,115,7,2941,1,3
1161,1,0,1,126,12,3336,0,3
1224,0,9,0,157,18,3796,1,3
902,1,0,0,122,14,3654,1,3
787,0,15,0,93,16,2934,0,2
854,0,2,0,125,5,2889,0,2
1184,1,1,1,191,6,3315,1,3
1973,1,5,1,152,6,1993,0,2
510,1,3,0,120,6,2509,1,1
966,0,8,1,118,10,3534,1,3
1438,0,3,0,169,7,2246,0,2
1986,0,7,0,95,9,3165,0,3
1907,0,13,0,105,15,286,0,0
1489,1,8,0,200,16,776,0,0
1843,1,13,1,134,18,3213,1,3
825,0,11,0,94,18,716,1,0
1286,0,10,1,98,18,424,1,0
840,0,0,1,137,19,3486,1,3
757,1,5,1,163,7,3237,0,2
814,1,2,0,177,10,1944,0,1
1195,1,2,1,80,6,643,0,0
767,0,7,1,107,12,2317,1,2
1068,0,6,1,97,7,1436,0,1
994,1,0,0,173,3,3190,1,2
1550,0,6,0,133,11,2338,1,2
1878,0,9,0,85,19,1334,0,1
623,0,2,0,127,4,3657,1,2
1829,0,0,1,160,7,2080,0,2
525,1,11,0,190,20,1609,0,0
1065,0,0,1,89,2,3078,0,2
1425,0,9,1,127,14,590,1,0
1296,1,3,0,129,4,2552,1,2
642,0,3,0,197,15,3355,0,2
1664,1,9,1,177,19,1968,0,2
1498,0,3,1,170,4,3358,0,3
981,1,0,0,136,7,1539,0,0
1236,0,6,1,143,18,942,1,0
1673,1,7,0,187,10,3669,0,3
712,0,6,1,172,14,3612,0,3
569,1,10,1,170,19,2351,1,1
603,1,0,1,156,0,604,1,0
1332,1,2,0,187,4,1285,1,1
1413,0,0,1,128,0,515,1,0
1064,1,1,1,184,13,654,0,0
1444,0,2,0,82,17,2540,1,3
1366,1,5,1,161,9,3869,0,3
906,1,7,0,136,11,3412,0,3
1554,1,3,1,185,12,509,0,0
1187,0,0,1,122,6,2547,1,2
1156,1,1,1,173,16,2735,0,2
1918,0,1,0,139,5,1369,1,1
841,1,8,0,199,13,2942,1,2
730,1,6,0,167,10,2812,0,2
878,0,13,1,153,18,3497,1,2
1059,1,0,0,182,1,619,1,0
1578,0,8,0,200,20,3483,0,3
1829,0,0,0,112,1,1475,0,1
1132,0,0,0,157,4,1950,1,1
1652,1,4,1,198,6,3592,0,3
912,1,0,0,107,1,3573,1,3
1181,0,12,1,116,16,2020,1,1
1497,0,5,0,92,9,1329,1,2
1790,1,3,1,100,11,3568,0,3
1742,0,3,0,100,9,1947,0,2
1549,0,4,0,158,7,1998,1,2
1372,0,7,0,193,17,725,0,0
1112,0,0,1,190,6,3302,1,3
1005,0,0,0,133,17,3884,1,3
783,1,9,1,150,11,1185,1,0
1698,0,10,1,105,18,1656,0,2
899,0,3,1,192,11,2870,0,2
1062,0,3,0,151,4,911,0,0
989,0,4,0,166,19,3892,1,3
1983,1,6,1,125,11,3897,1,3
1800,0,5,0,87,12,656,0,0
1254,0,0,1,146,3,606,1,1
868,0,0,0,83,0,1653,0,1
1205,1,3,0,175,6,860,0,0
1284,1,0,0,155,14,2197,1,1
626,1,2,1,187,9,3458,0,2
1763,1,1,1,101,20,2066,1,1
694,1,15,0,193,20,3676,0,3
1265,1,4,1,90,5,1518,0,1
816,0,4,0,198,13,1018,0,0
904,0,3,1,168,4,1360,0,0
979,1,0,1,164,2,3449,0,3
1531,0,0,1,162,1,2524,0,2
934,1,2,0,182,15,703,0,0
1624,1,0,0,200,11,1251,1,1
874,0,5,0,185,20,582,0,0
1027,0,0,0,102,4,1732,1,1
1966,1,15,1,144,16,1252,1,2
1048,0,2,1,182,4,2146,0,1
1496,1,13,0,126,14,1927,0,1
959,0,15,0,155,16,3328,1,2
1349,1,5,0,105,7,2462,0,2
1689,1,0,1,168,9,1172,1,0
1558,0,0,1,146,1,3598,0,3
582,1,3,0,168,10,2437,1,2
1485,0,3,1,138,14,3271,1,3
1991,0,11,0,94,12,1511,0,1
553,1,2,1,119,3,2981,0,2
1231,1,2,0,113,7,3119,1,3
805,0,1,0,88,2,3647,0,3
764,1,1,0,152,2,3148,1,2
894,0,5,1,130,15,2829,0,2
1589,0,9,0,84,16,2373,1,2
1456,1,9,1,80,10,3998,1,3
743,1,0,1,95,1,316,0,0
1061,0,3,1,109,4,999,1,0
1428,0,0,0,153,2,1808,1,1
674,1,0,1,93,0,589,1,0
832,0,0,1,93,0,3317,1,3
1625,1,2,1,107,17,670,0,0
907,1,3,0,151,16,584,0,0
1631,0,2,1,166,16,2173,1,2
1584,0,6,0,135,15,1561,0,1
1382,0,7,1,199,18,2073,0,1
633,0,0,1,102,10,1401,1,1
1444,0,9,0,104,16,3764,0,3
852,1,6,1,147,7,1275,0,0
922,0,0,1,157,14,1464,0,1
1745,1,4,1,159,16,2885,1,3
862,0,9,1,107,14,3458,1,3
1754,1,1,1,101,3,3019,0,3
1008,0,3,0,109,14,1083,0,1
1569,1,3,0,147,13,3538,0,3
1596,1,7,0,149,9,2493,1,2
1807,1,2,1,134,6,3726,0,3
1660,1,4,0,184,6,1531,0,1
1861,0,4,1,148,8,601,0,1
648,1,4,0,91,19,2991,0,2
1379,1,1,0,134,17,3912,1,3
1910,0,0,0,115,0,309,0,0
1807,1,0,1,155,0,323,1,0
1923,1,7,0,191,10,1489,1,1
1345,0,7,1,162,11,1322,0,1
904,1,5,1,102,9,1846,0,1
1239,1,5,1,122,10,417,0,0
1330,0,6,1,84,12,3269,1,3
516,1,1,0,138,12,3731,0,2
672,1,0,0,95,11,667,0,0
892,0,0,1,94,18,1241,0,1
1778,0,0,1,101,11,3941,0,3
1130,0,4,1,132,14,1018,0,0
1359,0,4,0,86,6,3142,1,3
1866,1,3,1,89,9,1444,0,1
1597,0,11,0,89,14,934,1,0
1046,1,0,1,100,0,3863,1,3
1035,1,2,1,99,3,3506,1,3
1175,0,2,0,164,9,1944,1,1
1261,1,0,1,90,0,348,0,0
1068,1,9,0,124,15,550,1,0
1713,1,5,1,104,17,971,0,0
1688,0,0,1,170,0,3984,1,3
1413,1,4,1,104,6,2973,0,3
559,0,10,0,82,14,2019,1,1
1483,1,13,0,146,19,1587,0,1
860,1,13,0,187,18,1870,0,1
1090,1,5,0,91,16,1352,1,1
686,0,11,0,91,15,570,1,0
818,0,14,0,177,15,546,1,0
1456,1,5,0,193,20,3624,1,3
774,1,2,1,188,9,2944,1,2
1068,1,0,1,197,9,1209,1,0
1373,1,1,1,141,12,2752,1,3
1777,0,3,0,188,5,3868,1,3
594,0,2,1,132,3,3087,1,2
1524,1,5,0,124,12,947,1,0
511,1,12,0,175,16,1484,0,0
1402,1,3,0,87,12,347,0,0
965,0,15,0,131,19,3227,0,2
1270,0,0,0,104,1,3299,0,3
919,1,11,0,159,15,1028,0,0
1963,0,16,1,157,17,714,0,1
1977,1,2,0,173,6,2641,0,3
1881,0,4,0,158,7,1229,0,1
683,0,5,0,173,17,2622,0,2
772,1,7,0,100,10,929,1,0
536,0,0,1,135,0,1211,0,0
1694,0,0,0,186,0,1653,0,2
1633,1,3,1,111,19,511,1,0
1371,0,4,0,167,19,3034,0,2
551,0,0,1,172,15,1414,0,0
1221,0,1,1,139,7,2438,1,3
1000,0,12,0,179,18,3744,0,3
1986,1,3,1,162,20,1377,1,1
1119,1,0,1,164,1,3520,0,3
1699,1,1,0,97,3,3796,1,3
1099,0,13,1,146,20,1699,1,1
1576,0,7,0,90,16,336,1,0
950,0,9,0,156,10,1095,1,0
1081,1,13,0,99,17,325,0,0
606,0,1,1,146,2,1223,0,0
502,1,7,0,199,12,1649,1,1
957,0,0,1,160,0,1898,1,1
1658,1,0,1,159,0,2609,0,2
1681,1,6,0,167,7,2265,1,2
1983,1,3,0,87,10,2775,1,2
1753,0,8,1,113,17,1445,1,1
1632,0,0,0,132,1,2614,0,2
1949,0,7,0,145,11,356,0,0
1696,0,1,0,97,2,523,1,0
688,1,0,0,131,3,3745,1,3
1104,0,1,1,199,13,1229,1,0
1122,0,0,0,184,4,1402,1,1
504,1,2,1,172,14,2085,0,1
1154,0,12,1,156,14,587,1,0
1727,0,2,1,85,8,2457,0,3
1674,1,0,1,89,7,2030,0,2
1948,1,5,1,135,14,816,0,0
1218,1,3,0,150,14,1667,0,1
531,0,10,0,189,14,2958,1,2
1057,0,4,0,154,13,3705,0,3
576,0,1,0,162,5,2800,1,2
1960,0,1,0,165,9,3773,1,3
673,1,3,1,88,5,2050,1,1
718,1,0,1,88,7,1754,0,1
864,0,3,1,103,7,1904,1,1
547,1,1,0,154,4,2705,1,1
623,0,1,1,102,7,3537,0,3
1793,1,11,0,154,13,1370,0,1
1720,1,0,0,137,3,1222,0,1
812,1,1,0,106,7,3102,0,2
980,0,0,1,160,0,2268,1,2
643,0,9,1,187,12,2648,1,1
1925,1,0,1,175,11,2173,1,2
1408,0,3,0,151,6,3162,0,3
1522,1,4,0,124,5,1368,0,1
587,0,16,1,111,17,2746,0,2
1959,1,5,0,191,20,619,1,0
1872,1,3,0,89,6,724,0,1
1043,0,7,0,111,8,912,1,0
1809,0,6,0,123,19,2784,1,3
1703,0,5,1,92,7,793,1,0
1095,0,4,0,197,5,560,1,0
1414,0,1,0,137,20,312,0,0
1659,0,2,0,88,18,545,1,0
1540,1,1,0,197,12,1591,0,1
1342,0,0,1,86,1,2746,1,3
1189,0,13,0,198,14,893,1,0
518,0,0,1,128,0,2514,1,1
1449,1,3,1,144,12,1032,1,1
516,1,0,1,91,7,819,1,0
1569,1,8,0,111,16,3672,0,3
1312,1,0,0,156,0,3833,1,3
1893,1,1,0,179,3,1482,1,2
1076,0,3,0,105,4,2043,0,1
530,0,1,0,118,2,1229,1,0
1044,1,7,0,129,13,1816,0,1
1330,0,11,0,126,20,2166,0,2
1836,1,0,0,104,1,2469,1,2
1741,0,1,1,140,3,2575,1,2
1869,0,0,1,152,13,1375,0,1
1331,0,8,0,146,15,1732,0,1
1655,1,6,1,105,12,673,0,0
605,0,9,1,162,14,2301,0,1
1245,0,2,0,105,3,2676,0,2
1709,0,8,1,136,10,1781,0,2
846,0,0,1,123,15,2248,0,2
1403,1,3,0,90,13,921,0,0
688,0,0,0,89,2,391,1,0
775,1,1,1,185,14,1719,1,1
1154,0,6,1,159,16,3262,0,3
1375,1,2,1,194,3,1947,1,1
1827,0,4,0,130,9,2693,1,3
1697,0,0,1,90,0,441,1,0
741,0,1,0,178,13,1886,1,0
1672,1,13,1,174,20,1267,1,1
514,0,4,0,186,7,687,1,0
1375,1,2,0,105,13,2890,0,3
989,1,4,1,124,12,1737,0,1
1510,1,11,0,138,13,887,0,0
1266,0,1,0,86,2,398,1,0
1396,1,0,0,138,1,2389,0,2
808,0,3,0,161,9,3431,1,3
1542,0,1,0,182,11,3601,0,3
745,1,5,0,102,10,2459,1,1
1735,1,0,1,148,0,3230,1,3
586,1,1,0,188,5,3646,1,3
1341,1,0,0,107,1,2200,1,1
781,1,1,0,88,7,3862,0,3
501,1,14,0,174,20,3077,0,2
1224,1,2,1,139,9,621,1,0
1970,1,11,1,80,19,2372,1,2
618,1,0,1,138,1,2574,1,2
1537,0,11,1,158,17,2857,1,3
1018,0,8,0,153,10,3143,1,3
1545,1,15,1,173,20,3197,0,3
1871,0,4,1,144,5,2727,0,3
1729,1,1,0,186,6,1519,0,1
680,1,9,1,131,11,2438,0,2
1106,0,4,0,107,9,2674,0,2
635,1,1,1,97,13,2107,0,1
618,0,8,0,143,14,2262,1,2
1671,1,13,0,179,18,815,1,0
1562,1,0,1,105,9,2829,1,2
1975,1,2,0,151,17,3022,0,3
831,0,2,1,134,9,2573,0,2
1524,1,0,0,174,1,2678,0,2
1528,1,3,1,129,6,1282,1,1
1447,1,2,0,155,16,568,0,0
1344,0,1,0,190,3,2074,1,1
564,1,1,0,130,3,2227,0,1
921,1,1,0,83,3,1080,0,0
1413,0,2,0,200,6,2867,1,2
831,0,10,0,86,12,1075,1,0
802,1,3,0,153,6,3063,1,2
1923,0,3,0,86,4,2479,1,2
1193,0,10,0,196,17,2394,1,2
904,1,10,1,112,11,2814,0,2
1285,0,1,1,140,2,2094,0,1
1635,1,0,1,182,0,2315,1,2
1923,1,5,1,154,6,2519,0,2
1851,1,3,1,198,11,735,0,0
727,0,0,1,131,1,1891,0,1
1396,1,0,1,118,1,1386,1,1
877,1,9,1,135,14,3260,0,2
696,0,11,1,103,13,2022,0,1
1009,1,2,0,102,14,1716,0,1
1526,1,2,1,116,6,3317,1,3
987,1,1,0,192,3,1454,1,0
1414,1,0,1,101,1,2290,1,1
1732,0,2,0,172,3,3940,1,3
1587,0,0,0,148,15,461,0,0
1097,0,10,1,160,15,2219,0,2
504,1,0,0,178,0,470,0,0
1159,0,13,1,80,18,2495,1,2
1910,0,0,0,146,2,2944,1,2
865,1,8,0,159,9,2361,0,2
1930,0,11,0,186,12,1783,0,2
860,1,8,1,170,13,2832,1,2
1268,0,9,1,182,17,931,1,0
999,1,0,1,167,1,1344,0,0
622,0,0,1,127,0,3916,0,2
1250,0,8,0,182,20,1882,0,1
763,0,9,1,104,12,2865,1,2
1100,0,12,0,112,14,757,1,0
815,1,4,0,85,12,3469,0,3
618,1,2,1,88,7,2399,1,1
553,1,0,1,136,1,3300,0,3
673,1,2,0,84,9,2719,1,2
563,1,3,0,115,12,3012,0,2
1590,1,12,1,187,15,2836,0,3
1031,1,2,1,121,9,2385,0,2
909,1,9,0,97,10,594,1,0
1880,0,0,1,104,1,2968,1,3
1479,1,0,1,146,0,3762,0,3
1271,1,0,0,161,1,892,1,1
709,0,11,1,81,15,467,1,0
1744,0,0,1,158,0,345,0,0
1314,0,0,1,116,1,3033,1,3
1136,0,0,1,150,2,2110,0,2
1039,0,11,0,125,13,3105,1,2
1300,0,5,0,156,7,874,1,0
732,1,7,1,188,11,3681,1,3
511,1,1,1,180,10,3865,0,2
1092,1,10,0,167,14,737,1,0
921,1,12,1,170,18,3153,1,3
1030,0,4,1,147,8,2800,0,2
1130,1,0,0,101,8,315,1,0
1299,1,2,0,187,6,1412,1,1
1009,1,7,1,115,15,2286,0,2
1735,1,16,0,140,17,2392,0,2
1129,1,0,0,185,2,1857,1,1
708,0,0,0,116,1,1419,1,0
894,0,2,1,123,3,3305,0,2
530,0,1,0,88,20,959,1,0
1481,1,0,0,105,0,2635,0,2
1068,1,0,1,194,1,1754,0,1
1487,0,6,1,84,12,2563,0,2
1524,1,11,1,96,20,1936,1,1
1093,1,2,1,196,14,1869,1,1
1816,1,0,0,186,2,3637,0,3
627,0,2,0,142,8,896,0,0
989,0,13,1,132,15,2349,0,1
1895,0,2,1,134,11,774,1,1
805,1,0,1,168,10,3397,0,2
713,0,7,1,181,9,485,1,0
864,0,10,1,148,15,3964,1,3
1177,0,1,0,181,7,1887,1,1
582,0,8,0,107,11,2977,1,2
1898,1,3,1,185,4,2114,1,2
1158,1,1,1,123,20,1542,0,1
1451,0,5,1,181,12,3038,0,3
1820,0,5,0,163,10,2481,0,2
984,1,3,1,140,20,841,0,0
580,1,0,0,135,5,3565,0,2
1263,0,0,0,146,3,1958,1,2
1237,0,2,0,87,5,2454,1,2
514,0,7,1,172,9,3392,1,3
1515,0,0,1,184,1,262,1,0
721,1,6,1,194,9,530,0,0
603,1,3,0,126,16,3703,0,3
1426,0,2,1,109,7,2562,0,2
1820,1,0,1,161,3,574,1,1
1215,0,4,0,130,8,2632,0,2
697,1,5,1,173,6,259,1,0
717,1,4,0,198,5,688,1,0
1348,1,5,0,145,6,2554,1,2
1164,1,0,0,88,6,3859,1,3
578,0,9,1,170,13,2977,1,2
1971,1,0,0,186,19,571,1,0
1794,1,5,1,86,7,402,0,0
1558,0,2,1,114,3,878,1,0
1597,0,4,1,85,19,2130,1,2
1240,0,0,0,146,9,3260,0,3
1994,1,2,1,88,4,454,1,0
1221,0,7,1,152,19,2638,1,2
989,1,11,1,156,17,2819,0,2
1180,0,5,1,144,20,1464,1,1
718,0,10,0,113,13,1824,1,1
1670,1,0,0,139,15,876,1,1
534,0,1,1,164,9,2706,1,2
1566,1,0,0,126,0,659,1,1
1935,0,0,1,124,9,455,0,0
504,1,2,0,163,10,2378,0,2
913,1,1,1,103,14,2278,1,1
1317,1,2,0,113,3,3436,1,3
917,0,1,1,88,2,3424,1,3
712,1,1,0,99,3,401,0,0
1083,0,6,0,126,20,681,1,0
1039,0,5,1,136,8,3212,0,2
1747,0,4,0,185,12,3105,0,3
1449,1,0,0,105,0,2036,1,1
1872,1,14,0,139,18,3153,1,3
1796,1,5,0,101,6,1642,1,1
1097,0,0,0,181,17,509,0,0
1562,1,1,1,172,10,3465,1,3
1433,0,8,1,153,12,3900,0,3
740,0,1,0,123,11,1105,1,0
676,0,1,1,84,5,2064,0,1
503,1,1,1,131,4,3117,0,3
1020,0,13,1,96,18,1142,0,1
896,1,3,1,111,4,1060,1,1
1824,0,4,1,143,5,2381,0,2
1512,1,1,1,134,2,3366,0,3
1053,0,7,0,126,17,1339,0,0
1944,1,0,1,87,10,2560,0,3
1174,1,1,1,91,8,285,0,0
627,1,3,1,131,17,2476,0,1
1602,0,4,1,118,5,1862,0,1
1733,1,4,1,170,15,3488,1,3
586,1,10,1,142,14,3178,0,2
1528,0,2,0,156,3,733,1,0
875,0,2,0,110,7,756,0,0
1602,0,12,0,170,13,3622,1,3
1426,0,4,1,174,16,1277,0,1
1370,0,5,1,158,8,3703,1,3
609,0,4,1,81,6,1905,1,1
840,1,5,1,178,8,2636,1,2
991,0,2,1,158,6,2014,0,2
1724,0,0,1,100,1,3056,0,3
584,0,0,1,168,0,465,1,0
860,1,1,1,141,13,3869,1,3
1541,1,10,1,165,15,1108,0,1
615,1,7,0,130,8,1906,0,1
912,1,6,1,84,11,851,1,0
1278,0,10,1,172,14,3142,0,3
1365,0,0,1,125,0,1300,0,0
1702,0,7,0,177,9,1430,0,2
589,0,1,1,146,4,362,1,0
1347,1,10,0,95,19,2456,1,2
1644,0,0,1,137,0,2360,0,2
956,1,1,0,133,11,3700,1,3
1089,1,10,0,153,20,2620,0,2
871,0,2,0,178,3,437,0,0
664,0,5,1,164,19,3774,0,3
1874,0,1,0,192,9,1218,1,1
1928,0,5,0,162,16,696,1,0
888,1,2,1,198,17,3407,0,3
1077,1,1,0,86,13,3902,0,3
1023,1,5,1,80,7,2086,1,1
1426,0,2,1,84,10,1356,0,1
831,1,7,1,177,11,1704,1,0
1496,1,0,1,85,9,3571,1,3
1433,0,2,1,129,11,2132,0,1
1095,1,0,1,103,5,3209,1,3
643,1,3,1,156,9,2096,0,1
1142,0,0,1,198,0,1273,0,1
730,1,3,1,112,10,3623,1,2
1901,0,5,1,131,17,368,0,0
1510,1,1,0,135,8,854,0,1
1924,0,0,1,136,0,3646,0,3
1825,1,13,1,157,18,3130,0,3
1275,1,3,1,152,9,3784,1,3
987,0,9,0,124,17,3885,1,3
1538,0,6,1,121,7,1494,1,1
1965,0,4,1,149,13,2973,1,3
808,0,7,0,185,14,1471,1,0
712,0,6,0,86,11,2001,1,1
1507,1,0,1,123,0,1486,0,1
912,0,3,0,182,6,1321,1,0
769,0,2,0,95,4,1877,0,1
948,0,14,0,173,20,3499,1,3
507,1,0,1,142,0,2124,1,1
1384,1,15,0,82,18,1221,0,1
1766,0,1,0,194,20,2316,0,2
1407,1,5,1,170,6,1068,1,1
614,1,3,1,94,7,1930,0,1
1972,0,9,0,196,18,1316,1,1
1039,1,8,0,130,9,1742,0,1
511,1,5,1,125,13,3265,0,2
1811,0,4,1,98,16,2700,1,2
1159,0,3,0,104,8,2115,0,2
1848,1,7,0,178,19,3915,0,3
1988,0,0,1,94,1,3144,0,3
1469,0,3,1,150,8,1571,0,2
1423,0,12,0,131,13,2253,0,1
1974,1,9,0,145,12,1433,0,1
835,1,2,1,128,18,2583,1,2
1429,0,8,0,151,9,1817,0,1
947,0,1,1,144,15,2915,1,2
1446,1,0,1,178,1,3340,1,3
1332,1,5,1,168,19,2790,1,2
1498,1,0,1,191,1,577,1,0
1576,1,0,1,173,4,3220,1,3
1398,1,8,1,150,12,3488,1,3
1885,1,12,1,92,15,1277,0,1
798,1,7,0,148,15,3593,1,2
1436,1,0,1,124,1,2736,1,3
1998,0,8,0,196,19,2311,1,2
1321,0,0,1,109,9,1464,1,1
1021,0,7,0,192,12,1355,1,1
1339,1,0,0,123,1,2382,0,2
1210,1,9,0,111,20,1886,0,1
1949,1,2,1,145,9,832,0,1
882,1,9,1,151,16,751,0,0
1549,1,0,1,113,7,436,0,0
1991,1,1,1,82,13,722,1,0
796,0,2,0,114,8,1075,1,0
1012,1,4,0,161,6,2802,1,2
1318,1,0,1,188,15,1780,0,1
1708,0,8,1,197,16,1247,0,1
598,1,8,1,117,9,3066,1,2
541,0,4,0,200,17,403,0,0
818,1,2,1,192,17,2518,1,2
1414,0,0,1,168,0,1069,0,0
601,1,3,1,169,11,2651,0,2
561,1,2,1,99,6,2974,0,2
1616,1,3,0,100,8,657,1,0
1263,1,1,1,103,2,3372,1,3
1604,1,0,1,93,2,1464,1,1
539,1,1,0,86,2,1326,1,0
1071,0,0,0,199,5,3393,0,3
826,1,0,1,135,0,323,0,0
771,0,2,0,106,8,1628,1,1
1811,0,0,0,132,2,2610,1,3
1842,1,7,0,179,10,3721,1,3
1420,1,1,0,100,8,763,1,0
1763,1,12,0,184,19,792,0,0
1163,0,6,0,133,20,1568,0,1
1805,0,0,0,182,2,1276,1,1
610,1,9,0,90,19,3472,1,3
1533,1,18,1,160,20,2520,0,2
1924,0,3,1,111,10,3423,0,3
1801,1,6,0,120,10,258,0,0
1726,0,1,1,106,3,1868,0,2
794,1,15,0,197,19,2171,0,1
1686,1,4,0,182,8,780,0,0
1444,1,0,0,103,1,712,0,0
1004,1,0,1,160,1,1012,1,0
1242,0,8,0,166,9,318,0,0
539,0,6,1,137,8,3948,1,3
717,1,2,1,99,6,629,0,0
1540,1,0,1,157,1,1161,0,0
672,0,7,1,99,17,1403,0,0
1325,0,0,1,133,8,3707,1,3
950,0,6,1,124,7,1305,0,0
948,1,6,0,119,7,2926,1,2
1328,0,5,1,144,18,2674,0,2
1447,0,3,0,184,5,471,0,0
1973,1,3,0,95,7,1724,0,1
1731,1,18,0,171,20,1220,1,1
1617,0,1,1,111,10,2754,1,2
1791,1,1,1,110,4,594,0,0
851,1,7,1,101,9,1005,0,0
856,1,0,1,115,7,2439,1,1
714,0,1,0,145,2,2302,1,1
951,0,6,1,81,17,1083,1,0
1303,0,6,1,109,15,2219,1,2
1550,0,2,0,126,5,1571,0,2
1759,0,10,1,101,13,2107,1,2
1448,1,18,0,100,19,593,1,0
1987,0,0,0,119,18,857,1,1
908,0,1,0,95,2,3518,1,3
820,1,2,0,160,4,1284,0,0
904,1,4,0,147,7,545,0,0
667,1,4,1,149,10,3566,0,2
1109,0,1,0,173,4,2821,0,2
1333,0,3,1,183,5,3442,1,3
1352,0,5,1,92,9,1309,0,1
1600,1,1,0,88,9,1179,0,1
1454,1,8,0,80,20,1713,0,1
1489,1,0,0,169,1,1663,0,1
1823,1,11,0,81,19,1812,1,2
1581,0,9,0,172,19,1384,1,1
1672,1,1,1,172,4,1348,1,1
1283,1,0,1,80,6,3957,0,3
630,0,9,1,180,13,1212,0,0
659,0,0,1,151,2,3925,1,3
1811,1,0,0,115,0,348,0,0
688,0,9,0,109,20,1382,1,1
514,1,5,0,141,8,980,0,0
1933,1,1,0,154,9,838,1,0
915,0,8,1,91,20,378,1,0
1006,1,4,1,135,8,909,0,0
1134,0,2,1,92,19,3632,1,3
599,0,0,1,186,1,3396,0,2
973,1,5,0,196,7,1861,1,1
1180,0,0,1,90,1,348,1,0
1237,0,7,0,98,12,2528,0,2
659,1,7,1,169,10,2190,1,1
1142,1,6,0,190,8,663,1,0
1002,1,16,1,185,18,961,0,0
1392,0,0,1,113,2,1280,0,1
602,0,9,0,141,18,2189,1,2
1249,0,3,1,140,8,531,1,0
531,1,0,1,121,3,2331,0,1
1450,0,1,0,114,4,794,1,1
1342,0,1,0,173,8,2644,1,2
832,0,5,1,198,8,1666,1,1
867,0,0,1,159,0,2157,0,1
1404,0,16,0,151,20,1196,0,1
840,1,6,0,150,7,2072,1,2
1368,0,10,1,91,20,1590,0,1
1927,1,3,0,190,12,2916,1,3
1714,1,7,0,120,10,3707,0,3
1201,0,1,1,198,5,726,1,0
1796,0,4,0,184,11,3577,1,3
1147,1,11,0,158,13,2627,0,2
776,0,0,1,146,9,685,1,0
510,0,0,0,110,10,1693,1,1
1045,1,3,1,175,7,2137,0,2
1497,1,4,1,153,20,3696,0,3
1425,0,0,1,89,2,3771,0,3
726,0,0,1,94,20,1342,1,0
1576,0,0,1,148,0,1379,0,1
714,1,5,1,197,6,1164,1,1
1595,1,1,0,88,20,908,0,1
541,0,0,1,127,0,1019,1,1
1617,0,14,0,113,20,3685,0,3
1154,1,2,1,98,13,1470,0,1
1638,0,6,0,189,11,2299,1,2
1150,0,0,0,151,1,999,1,0
1254,0,0,1,149,10,3011,1,2
1806,1,2,1,117,11,3142,0,3
603,0,8,0,114,20,1543,1,1
1834,0,7,1,99,11,3692,1,3
520,0,0,1,145,14,2753,0,1
565,1,1,0,158,8,2156,1,1
1689,0,11,0,150,15,2637,0,2
742,0,0,0,104,1,331,0,0
1143,1,1,1,125,6,1214,1,1
761,0,9,0,196,15,2248,1,2
959,1,0,0,196,14,3073,1,3
772,1,7,1,134,8,422,0,0
1015,0,5,0,102,14,2293,1,1
1824,1,9,1,103,14,3958,1,3
1130,1,1,1,130,14,432,1,0
1183,1,3,1,120,12,1152,0,0
574,1,0,1,118,2,1303,0,0
1472,0,4,1,169,6,797,1,0
1868,0,2,1,179,17,298,1,0
1375,0,2,0,147,7,3847,0,3
881,0,1,0,160,6,2110,1,1
1742,1,5,1,176,7,1921,1,2
1225,1,6,0,107,15,2423,0,2
1970,1,0,1,132,0,1658,1,2
1186,1,2,0,160,4,2361,0,1
1762,0,7,0,157,10,1380,0,1
1731,1,4,1,163,18,3892,1,3
852,1,5,1,160,9,315,0,0
848,1,4,1,151,16,2289,1,1
1575,1,0,1,185,20,2182,1,2
1554,1,7,0,105,18,2184,0,2
1972,0,0,0,92,2,2872,0,3
827,1,9,1,87,17,2367,0,1
1063,0,7,0,155,10,1919,1,1
1695,1,1,0,84,10,3296,0,3
1343,1,5,1,81,10,462,1,0
834,0,2,1,123,16,1591,1,1
595,0,0,1,122,18,1593,0,0
1081,1,13,1,101,17,2456,0,1
911,1,3,0,199,4,2933,1,3
844,1,1,1,197,2,3154,0,3
1335,0,3,0,180,4,3615,0,3
1883,0,9,0,87,16,3563,0,3
1128,1,6,0,147,7,1440,0,1
826,1,14,1,117,17,1907,0,1
1650,0,0,1,89,1,324,1,0
1162,0,0,0,104,10,1404,1,1
1517,0,2,1,169,18,2738,0,2
963,0,1,1,156,3,2722,0,2
1837,1,5,1,103,6,2294,0,3
1028,0,1,1,193,10,1424,0,1
1831,1,4,0,189,9,1133,1,1
571,1,5,1,101,11,555,0,0
1770,0,0,0,183,5,3785,0,3
970,1,5,0,84,19,3675,0,3
642,0,0,1,86,10,435,1,0
622,1,12,0,193,14,3183,1,2
600,0,9,1,199,15,3495,1,2
1412,0,9,0,86,10,1853,0,1
733,0,7,0,138,12,2648,1,2
1070,0,9,0,160,16,2647,1,2
875,1,1,0,146,8,702,1,0
1994,0,5,0,189,7,1836,0,2
823,1,9,1,182,16,3894,1,3
1908,0,9,1,111,19,2944,0,3
790,1,7,1,89,8,3424,1,3
1330,1,1,0,177,5,2678,1,2
1660,0,2,1,100,8,2424,1,2
1776,0,2,0,82,16,2671,1,3
1611,1,4,1,199,10,3078,0,2
1410,1,0,1,92,1,2304,1,2
1772,0,17,1,159,18,1146,1,1
1280,0,0,1,108,1,2335,0,1
1712,1,2,0,155,19,1422,1,1
1562,0,0,0,140,1,2096,0,2
891,1,1,1,153,3,1303,1,0
1957,1,18,1,151,19,1115,0,1
1110,0,1,0,192,2,456,1,0
875,1,1,1,104,3,3396,0,3
1211,0,0,0,130,3,2750,1,2
769,1,12,1,112,19,941,0,0
671,0,7,1,95,19,2278,0,2
1872,0,5,1,172,10,2273,0,2
1076,1,0,1,191,0,2355,1,2
1325,0,2,0,146,10,2328,0,2
911,1,1,1,182,2,2638,1,1
1273,0,1,0,178,14,558,0,0
1062,0,3,1,124,4,1345,0,0
1317,0,6,0,154,9,425,1,0
940,0,0,0,115,1,2192,1,1
729,0,0,0,135,2,3397,0,2
1494,0,6,1,93,17,1208,1,1
1546,1,2,1,124,6,267,1,0
1253,0,0,1,113,10,3518,1,3
895,1,6,0,164,14,3122,0,2
793,1,0,1,124,2,1050,1,0
1628,1,11,0,136,13,3358,1,3
625,1,2,0,138,3,2929,0,2
1110,0,2,1,153,5,624,0,0
999,0,6,0,132,17,1598,1,1
1856,1,0,1,155,1,2052,1,2
1715,1,9,1,120,20,1249,1,1
1897,0,2,1,154,7,412,0,0
1202,1,0,0,122,1,595,0,0
1171,1,2,0,167,19,263,0,0
964,0,0,1,86,0,2577,1,2
1973,1,6,0,193,10,639,0,0
1992,1,11,0,141,14,3206,1,3
546,1,5,0,159,15,1550,1,1
1093,0,1,1,171,12,1646,1,1
1880,0,11,0,200,14,1930,1,2
1765,0,3,0,87,7,3695,0,3
1640,1,1,1,87,11,3235,0,3
1830,0,0,0,191,12,2334,1,2
826,0,3,0,187,19,1998,0,1
1864,0,0,1,142,2,2258,0,2
586,0,16,1,121,17,1869,1,1
1206,1,10,1,127,13,1825,0,2
832,1,1,1,165,2,3946,1,3
848,0,1,0,103,3,436,1,0
1851,0,0,0,112,2,2678,0,2
1166,0,7,0,80,11,3887,0,3
1776,1,10,0,172,16,1813,1,1
1254,0,2,1,134,10,817,1,0
1494,1,4,1,101,17,3614,0,3
984,1,0,1,119,18,2013,1,1
1179,0,1,0,154,17,543,0,0
513,0,8,0,174,13,3400,1,2
557,1,3,0,89,4,2623,0,1
744,1,0,1,105,2,2700,0,2
1129,1,9,1,116,10,1400,1,1
1148,1,0,1,170,20,3127,0,2
1793,0,12,1,175,17,2803,1,3
1310,1,3,0,150,11,2518,1,2
1604,0,1,0,191,15,3564,1,3
1676,0,2,0,145,3,2515,0,2
1001,1,1,0,117,7,3654,1,3
1086,0,0,1,135,19,3930,1,3
1986,1,7,1,89,19,3476,1,3
634,0,5,0,192,12,3242,0,3
502,0,7,0,82,8,2666,1,2
1641,0,6,0,97,7,1695,0,2
623,1,0,1,189,1,3510,0,2
962,1,3,0,161,20,3438,0,3
1057,0,3,1,97,10,2033,1,1
1862,0,1,0,182,2,1017,0,1
555,1,5,1,193,10,1686,0,1
1000,0,1,1,135,12,862,0,0
841,0,6,1,81,14,957,1,0
865,0,5,0,89,12,3494,0,3
999,1,11,1,165,13,3083,1,2
1232,0,12,0,131,14,1656,1,1
1194,0,6,1,165,12,313,1,0
612,1,1,1,179,6,3282,1,3
1362,0,0,0,186,4,3629,1,3
1469,1,11,1,169,14,1687,1,1
986,0,13,1,182,20,1149,1,0
1843,0,1,1,104,7,3899,0,3
1561,1,10,1,134,13,1783,1,2
1695,1,2,1,189,13,1629,1,1
667,1,3,0,185,7,2528,1,2
1768,0,0,1,88,2,3256,1,3
1269,1,16,0,180,17,2341,0,2
1109,1,6,0,151,12,2785,0,2
936,1,14,1,164,17,3761,0,3
1713,0,9,1,199,16,1513,0,1
1175,1,1,1,167,7,2240,1,1
1940,1,0,1,194,1,820,1,1
855,0,2,1,159,3,1875,1,1
771,1,0,1,157,17,920,1,0
645,0,10,1,174,14,3615,0,2
1307,0,2,0,88,3,1412,0,1
1948,1,4,0,136,13,361,1,0
1509,1,5,0,81,8,1540,1,1
626,1,3,1,109,9,1077,0,0
1190,1,0,0,93,1,3610,0,3
1727,1,10,0,158,18,512,0,0
1670,0,14,0,114,20,3024,0,3
1150,1,4,1,134,17,1610,0,1
1208,0,5,1,175,19,2201,0,1
1812,1,4,1,162,15,3338,1,3
770,1,6,0,196,9,3473,0,3
1559,1,10,1,114,17,2203,1,1
1902,0,10,0,155,11,940,1,1
1751,0,1,0,146,9,1155,1,1
1416,1,0,0,93,0,3872,0,3
1288,1,3,1,115,6,1882,0,2
1003,0,16,1,119,19,1798,0,1
1715,1,1,1,96,3,2598,0,3
1967,0,0,1,199,7,1567,1,1
962,1,14,0,125,20,1491,0,1
1487,0,5,1,120,7,2003,0,2
1569,1,4,1,190,6,3905,0,3
1146,0,5,1,111,10,291,1,0
1379,0,6,1,118,13,1693,0,1
1504,1,7,1,152,9,1788,0,1
1945,0,3,0,112,5,3322,0,3
1630,1,0,1,80,1,1751,0,2
1125,0,10,0,117,14,1641,1,1
614,0,4,1,178,7,2854,0,2
854,0,5,1,101,9,3115,0,2
1470,1,6,0,121,9,3259,0,3
1826,1,5,1,172,6,1612,1,2
807,1,0,0,127,0,2319,0,1
1996,1,0,1,138,4,1258,0,1
1083,0,3,0,158,5,1543,0,1
1035,1,14,1,178,15,3991,0,3
1521,0,5,1,143,9,3555,0,3
1314,1,13,1,87,18,3411,0,3
535,0,5,0,190,19,524,0,0
673,0,13,1,142,14,3541,0,3
1219,1,5,0,169,7,1998,0,2
1606,1,0,1,200,0,3437,0,3
1603,1,1,1,114,8,1637,0,1
1958,0,6,1,153,14,3064,0,3
695,0,18,1,196,19,2855,1,2
1441,1,0,1,106,12,1393,1,1
1470,1,4,1,138,10,1633,0,2
1890,0,4,1,127,5,2392,0,3
1152,1,0,1,82,0,3284,0,3
1619,0,3,0,117,9,464,0,0
1002,0,1,0,180,7,1234,1,0
742,0,0,1,139,1,292,1,0
1306,1,2,1,174,9,2521,0,2
1424,1,0,0,180,0,2658,0,2
942,1,8,0,91,9,587,1,0
1934,0,8,1,118,16,2190,0,2
1290,1,19,1,110,20,879,0,0
930,1,0,0,80,13,1743,1,2
1699,0,16,0,156,20,1181,1,1
1849,0,1,0,181,12,3330,0,3
1922,0,15,1,153,16,3564,0,3
548,1,0,1,146,14,562,1,0
916,0,0,1,82,1,1659,1,1
1783,0,8,0,183,11,1816,0,2
1083,1,2,1,156,9,1338,1,0
1698,0,10,1,131,12,2992,1,2
1969,1,5,1,85,20,315,1,0
869,0,0,0,197,3,3249,0,2
1337,1,0,0,200,1,3242,1,2
637,1,2,0,194,6,2725,0,2
833,1,0,1,145,2,586,0,0
1248,0,6,1,89,8,2454,1,2
1174,0,7,0,147,20,804,1,0
1831,0,3,1,148,14,2460,0,2
1002,1,7,0,146,10,1295,0,0
1010,1,2,1,139,3,2625,1,2
1117,1,2,0,177,19,1999,0,1
990,1,3,0,153,7,2698,0,2
1564,0,5,1,129,16,3742,1,3
1065,1,0,1,158,3,1193,0,1
1982,0,12,0,129,16,3511,1,3
1607,1,6,1,192,8,885,1,0
1066,1,6,1,167,7,1044,0,0
681,1,12,1,194,19,2548,0,2
1163,1,0,1,132,1,2940,0,2
1285,1,4,1,199,7,3966,1,3
753,0,11,1,121,20,3484,0,3
1779,1,2,0,90,3,1246,1,1
987,0,4,1,83,8,2757,1,2
511,1,15,1,136,18,2378,0,1
1044,0,4,1,104,5,1794,1,1
1855,0,5,0,187,18,3933,0,3
946,0,9,0,186,10,1637,0,0
657,1,2,0,110,8,783,1,0
1673,0,2,0,182,6,3094,0,2
731,1,0,1,130,0,1774,0,1
926,0,6,1,161,14,256,0,0
1261,0,3,1,86,9,1365,0,1
618,0,11,1,188,20,2339,1,2
936,0,5,1,129,6,2049,1,1
1485,1,0,1,158,1,3241,1,3
1339,1,10,1,80,11,867,1,0
508,0,1,0,82,9,2175,0,1
1938,1,5,0,121,9,3497,1,3
995,1,1,0,104,3,609,0,0
1086,1,0,1,111,1,3285,1,2
1322,1,1,1,157,3,3684,0,3
1864,1,2,0,181,6,3586,0,3
1944,0,1,1,92,9,2322,0,2
581,0,5,1,180,10,354,1,0
1020,1,3,1,128,4,3204,0,3
1936,0,2,0,139,3,1400,0,1
1329,0,5,1,198,6,2308,1,1
808,1,3,0,105,15,1082,0,0
994,1,4,0,164,17,3104,0,2
1811,0,3,1,82,8,2847,0,2
765,0,3,0,88,11,2256,1,2
993,1,0,0,106,13,1113,0,0
1136,0,15,0,150,19,3210,1,3
719,1,0,1,113,9,3990,1,3
733,1,0,0,105,10,984,0,0
1946,1,8,0,123,19,3117,0,3
1230,0,0,1,111,2,1622,1,2
1577,1,0,1,105,7,2967,1,3
1514,0,3,1,138,4,1037,0,0
579,0,3,0,89,10,2908,0,2
574,0,1,1,126,3,1167,0,0
1072,1,6,0,114,16,2715,1,2
843,1,1,0,119,4,1734,0,1
1492,0,5,0,85,7,2259,1,3
1807,0,0,0,125,0,2921,1,3
909,1,7,0,146,9,1244,1,0
1876,1,9,1,98,19,3132,1,3
1436,1,3,1,106,4,2488,0,2
1251,1,10,1,133,16,1052,0,0
636,0,8,1,152,15,2927,0,2
1354,1,3,1,136,6,2090,1,1
930,1,3,1,190,16,2131,0,2
1830,0,7,1,117,11,3362,0,3
1424,1,16,1,80,18,1053,1,1
583,1,1,0,88,2,1799,1,1
648,1,9,1,109,20,3124,0,3
1203,1,0,1,109,12,1672,1,0
1777,1,0,0,100,7,1552,1,1
1299,1,0,0,83,6,1938,0,1
1494,0,2,1,129,9,3202,0,3
527,1,4,0,128,11,1302,0,0
793,1,1,1,179,2,2296,1,1
873,1,6,0,152,9,575,0,0
722,0,12,0,93,20,2359,0,1
1250,0,14,1,167,18,3314,1,2
1358,0,0,0,147,1,440,0,0
1035,1,8,0,173,10,2002,1,1
1289,1,3,1,161,17,3167,1,3
1445,1,2,0,82,6,3480,1,3
1702,1,12,1,107,19,595,0,1
534,1,4,0,85,16,2466,1,2
628,0,5,0,87,6,1337,1,1
713,1,4,0,98,17,1462,0,0
1207,0,0,0,112,0,503,1,0
683,0,7,0,197,8,2066,0,1
594,0,1,0,196,2,708,1,0
537,0,1,1,103,2,2029,1,1
1565,0,0,0,121,1,308,1,0
1052,0,1,0,195,16,552,0,0
713,0,4,1,89,8,2082,0,1
1766,1,1,0,141,7,3314,0,3
584,1,1,1,199,4,3996,1,3
1541,1,6,1,109,10,1795,1,1
837,1,1,0,104,15,594,0,0
935,1,3,1,155,12,2473,0,2
665,0,0,1,185,2,690,0,0
680,0,13,1,157,17,3845,1,3
877,1,0,1,195,0,2004,1,1
1493,1,13,0,102,16,2083,1,2
1762,0,3,1,83,14,2661,1,2
842,1,4,0,124,10,1903,1,1
925,0,9,0,196,14,2466,0,2
1692,0,4,1,106,17,3779,1,3
1576,0,8,0,139,17,3904,1,3
1065,1,4,1,162,8,265,0,0
958,0,9,1,200,12,1417,0,0
623,0,6,1,197,12,1769,0,1
897,1,1,0,171,2,2948,0,2
1110,0,4,1,152,16,2572,0,2
616,0,3,1,150,4,3267,0,2
1680,1,6,1,168,7,1459,1,1
1715,0,0,1,94,6,1633,1,2
983,1,0,1,130,11,2052,0,1
720,1,12,1,165,14,1086,1,0
1660,0,2,1,169,3,2402,1,2
1564,1,1,0,108,2,3376,1,3
592,1,1,0,103,10,1507,0,0
969,1,2,1,158,7,641,0,0
1356,1,0,0,131,19,3451,1,3
504,0,8,0,189,9,1607,1,0
1546,1,3,1,101,4,3521,0,3
689,1,3,1,147,6,1241,0,0
1685,0,14,0,137,15,881,1,0
1792,0,3,1,170,8,2563,0,3
1786,0,11,0,123,14,3033,1,3
1944,1,9,1,132,10,769,0,0
1077,0,13,1,131,14,3454,0,3
648,0,1,1,195,4,819,0,0
1702,1,8,0,185,19,435,1,0
1571,0,1,0,150,3,586,1,0
856,1,14,1,125,19,650,0,0
1786,0,6,0,115,15,3038,0,3
914,0,1,1,198,4,3736,0,3
1615,0,3,0,117,13,2948,1,2
649,0,4,1,190,12,739,1,0
1646,0,3,1,200,5,686,1,0
1189,0,5,0,164,20,841,1,0
1043,0,3,0,83,17,1183,0,0
1920,1,3,1,131,8,3943,1,3
1220,0,1,0,109,20,1037,0,0
1748,1,11,1,114,20,2633,0,2
907,1,7,0,160,12,3911,0,3
1193,0,7,0,158,13,1958,0,2
1766,1,1,1,122,4,3297,0,3
1278,0,7,1,170,16,3141,1,3
1234,1,8,0,174,15,3351,0,2
1961,0,10,0,100,20,2355,1,3
1745,0,0,1,105,0,1308,1,1
1442,1,1,0,127,8,991,0,0
1083,1,1,1,173,2,3248,0,2
868,0,5,0,137,7,1519,0,0
864,1,0,1,88,1,493,1,0
1142,0,0,0,114,0,1747,1,1
608,1,0,0,94,0,2517,1,1
983,0,0,1,187,4,1389,1,1
1720,0,18,1,188,20,2522,0,2
1802,1,8,0,116,16,1885,1,2
591,1,18,1,196,20,704,1,0
1205,0,5,0,163,10,953,1,0
1369,1,3,0,108,18,3206,0,3
713,1,0,0,94,14,928,0,0
1082,1,11,0,101,20,2177,1,1
1719,1,0,0,187,1,2610,1,2
1544,0,18,1,186,20,489,0,0
1090,0,1,1,128,8,3839,0,3
1991,0,3,1,181,13,1861,1,1
1367,0,4,0,176,6,299,1,0
1179,0,7,1,182,12,340,0,0
721,1,1,1,102,18,3606,1,3
1549,1,0,0,91,4,799,0,0
1349,1,3,0,134,12,2367,0,1
1799,0,1,1,123,9,445,1,0
1075,1,2,0,122,16,3927,0,3
684,1,3,1,157,9,3756,1,3
1837,0,9,0,162,20,770,0,0
1619,0,2,1,138,9,1641,0,1
965,0,1,0,197,2,2343,0,2
730,0,9,0,122,15,2787,0,2
1361,0,1,0,169,2,2495,0,2
1494,0,3,1,158,4,3208,0,3
1027,0,7,0,146,11,1234,0,0
1807,1,0,1,97,0,1069,0,1
709,1,1,0,130,11,3568,0,3
689,0,2,0,103,11,3585,0,3
955,0,2,0,155,10,1974,1,1
1872,0,5,0,111,14,2419,0,3
1259,1,0,0,97,0,340,0,0
695,0,1,1,169,8,2282,1,1
1969,1,9,0,132,11,298,1,0
759,0,3,1,162,8,968,0,0
936,0,1,0,153,18,2391,1,2
1176,0,2,1,168,10,1534,0,1
1802,1,0,1,101,9,696,1,0
772,1,0,1,97,11,2782,0,2
1318,0,1,1,136,7,755,0,0
591,1,1,1,90,17,3746,1,3
569,1,0,0,124,1,2651,0,1
764,1,9,1,124,11,1341,0,0
1056,1,8,1,101,11,2651,1,2
1982,0,2,1,80,20,1824,1,1
1830,0,5,0,160,6,1905,1,2
1122,0,0,1,156,14,1456,1,1
1023,0,2,1,153,8,3155,1,3
1283,1,8,1,93,15,773,1,0
1602,1,0,1,99,7,1829,0,2
732,0,5,1,163,7,3883,0,3
1854,1,0,1,195,0,1675,0,1
718,1,1,1,93,12,1601,1,1
897,0,3,1,154,10,1958,1,1
1405,0,0,0,107,7,2376,1,2
798,1,6,1,110,12,1647,0,1
1035,0,1,0,157,15,3548,1,3
1396,0,0,0,134,15,2694,0,2
1749,1,7,1,178,8,2195,0,2
1588,0,12,1,148,20,2506,0,2
1600,0,1,1,94,16,2073,1,2
1522,0,4,0,162,11,3767,0,3
1279,0,5,1,105,6,1150,0,1
719,0,7,0,102,8,841,0,0
544,1,2,1,129,15,1675,1,0
1007,1,5,1,185,12,1301,1,0
590,1,0,0,141,1,1817,1,0
1788,0,0,1,141,16,2321,1,2
748,0,0,0,110,14,1974,1,1
757,1,4,0,157,5,3433,1,2
1561,1,1,1,174,10,1205,1,1
1327,0,10,0,89,16,872,1,0
797,1,4,0,81,20,2052,1,1
727,1,0,1,193,9,3654,1,3
686,1,0,0,194,1,1503,0,0
1515,1,4,1,176,6,3104,0,3
555,1,2,0,163,12,343,1,0
1589,0,0,0,112,2,3430,1,3
1976,1,6,0,136,19,2470,0,3
1884,1,3,0,149,4,1396,1,1
1063,0,0,0,86,7,2668,0,2
672,1,13,0,194,20,1457,0,0
635,0,9,0,110,17,2452,0,2
1906,1,3,0,113,4,1871,0,1
1753,0,4,0,191,11,1112,1,1
659,1,2,1,85,6,967,0,0
1583,1,0,0,148,4,2498,0,2
1783,1,2,0,104,8,387,1,1
1667,1,0,1,138,0,635,0,0
640,1,5,1,143,20,2711,1,2
1913,0,0,0,111,4,2023,1,2
538,1,0,1,163,7,2215,1,1
1191,0,6,1,89,9,824,0,0
816,1,2,0,117,3,3851,0,3
915,1,9,1,199,16,2156,1,1
1157,0,7,0,88,8,2885,0,3
1201,0,2,0,99,7,495,1,0
1379,1,1,1,129,16,2358,1,2
1483,0,3,1,169,11,1744,0,1
1614,0,1,1,161,2,1832,0,1
930,1,4,1,144,10,2016,1,1
1454,0,8,0,199,20,1300,0,1
1784,0,4,0,164,20,2313,1,2
1262,1,12,0,149,16,3248,1,2
797,1,0,0,144,2,2216,0,1
1829,0,8,0,91,15,3142,1,3
1139,1,6,1,161,11,1850,0,1
618,0,9,1,80,15,1424,1,0
1547,0,2,0,114,3,1620,1,1
586,0,2,0,83,11,2592,0,1
1617,0,8,1,85,9,296,0,0
1882,0,11,1,113,19,3579,1,3
674,1,1,0,198,4,1180,1,0
1467,0,0,0,122,0,3962,1,3
858,0,1,0,84,2,3978,1,3
794,1,0,1,106,14,668,1,0
1965,1,0,0,187,3,2032,1,2
1911,1,1,1,108,3,3057,1,3
1512,0,4,1,145,5,869,1,0
510,1,5,1,168,16,3919,1,3
